Student_name,Student_email,Student_id,Team_name
Pintu Kumar,pintu@gmail.com,fw17_0227,Team1
Vipin Barode,vipin@gmail.com,fw18_0003,Team1
John Dyan,john@gmail.com,fw19_0278,Team1
Aman Singh,aman@gmail.com,fw18_0876,Team2
Rohan Kumar,rohan@gmail.com,fw18_0213,Team2
Abhishek Singh,abhi@gmail.com,fw17_0267,Team2
Abhay Singh,abhay@gmail.com,fw19_0111,Team2
Raj Kumar,raj@gmail.com,fw17_0193,Team3
Arnav Roy,arnav@gmail.com,fw18_0993,Team3
Panchal,panchal@gmail.com,fw18_0893,Team3
